customer_id,recency,frequency,monetary,cluster
12398,0,1,10.36,1
12439,148,1,37.89,0
13046,160,1,32.599999999999994,0
13184,39,1,4.34,1
13243,18,1,108.72,1
13668,43,1,3.42,1
13683,81,1,76.32000000000001,1
14080,2,1,89.58,1
14136,48,1,97.38,1
14538,123,1,40.96,0
14715,119,1,28.92,0
15307,128,1,10.91,0
15310,142,1,2.93,0
15318,117,1,426.59999999999997,2
15333,84,1,127.36,1
15445,37,1,119.82,1
15497,25,1,25.27,1
16238,136,1,195.3,0
16434,13,1,11.74,1
16943,110,1,53.22,0
17290,166,1,131.43,0
17467,14,1,17.36,1
17583,171,1,7.01,0
17595,150,1,0.99,0
17668,65,1,10.77,1
17944,159,1,33.04,0
17953,164,1,14.78,0
18090,71,1,109.77000000000001,1
18260,49,1,16.65,1
18599,152,1,38.27,0
